Test,001,test.001,test001@example.com,ignored
Test,002,test.002,test002@example.com,ignored
Test,003,test.003,test003@example.com,ignored
Test,004,test.004,test004@example.com,ignored
Test,005,test.005,test005@example.com,ignored
Test,006,test.006,test006@example.com,ignored
Test,007,test.007,test007@example.com,ignored
Test,008,test.008,test008@example.com,ignored
Test,009,test.009,test009@example.com,ignored
Test,010,test.010,test010@example.com,ignored
Test,011,test.011,test011@example.com,ignored
Test,012,test.012,test012@example.com,ignored
Test,013,test.013,test013@example.com,ignored
Test,014,test.014,test014@example.com,ignored
Test,015,test.015,test015@example.com,ignored
Test,016,test.016,test016@example.com,ignored
Test,017,test.017,test017@example.com,ignored
Test,018,test.018,test018@example.com,ignored
Test,019,test.019,test019@example.com,ignored
Test,020,test.020,test020@example.com,ignored
Test,021,test.021,test021@example.com,ignored
Test,022,test.022,test022@example.com,ignored
Test,023,test.023,test023@example.com,ignored
Test,024,test.024,test024@example.com,ignored
Test,025,test.025,test025@example.com,ignored
Test,026,test.026,test026@example.com,ignored
Test,027,test.027,test027@example.com,ignored
Test,028,test.028,test028@example.com,ignored
Test,029,test.029,test029@example.com,ignored
Test,030,test.030,test030@example.com,ignored
Test,031,test.031,test031@example.com,ignored
Test,032,test.032,test032@example.com,ignored
Test,033,test.033,test033@example.com,ignored
Test,034,test.034,test034@example.com,ignored
Test,035,test.035,test035@example.com,ignored
Test,036,test.036,test036@example.com,ignored
Test,037,test.037,test037@example.com,ignored
Test,038,test.038,test038@example.com,ignored
Test,039,test.039,test039@example.com,ignored
Test,040,test.040,test040@example.com,ignored
Test,041,test.041,test041@example.com,ignored
Test,042,test.042,test042@example.com,ignored
Test,043,test.043,test043@example.com,ignored
Test,044,test.044,test044@example.com,ignored
Test,045,test.045,test045@example.com,ignored
Test,046,test.046,test046@example.com,ignored
Test,047,test.047,test047@example.com,ignored
Test,048,test.048,test048@example.com,ignored
Test,049,test.049,test049@example.com,ignored
Test,050,test.050,test050@example.com,ignored
Test,051,test.051,test051@example.com,ignored
Test,052,test.052,test052@example.com,ignored
Test,053,test.053,test053@example.com,ignored
Test,054,test.054,test054@example.com,ignored
Test,055,test.055,test055@example.com,ignored
Test,056,test.056,test056@example.com,ignored
Test,057,test.057,test057@example.com,ignored
Test,058,test.058,test058@example.com,ignored
Test,059,test.059,test059@example.com,ignored
Test,060,test.060,test060@example.com,ignored
Test,061,test.061,test061@example.com,ignored
Test,062,test.062,test062@example.com,ignored
Test,063,test.063,test063@example.com,ignored
Test,064,test.064,test064@example.com,ignored
Test,065,test.065,test065@example.com,ignored
Test,066,test.066,test066@example.com,ignored
Test,067,test.067,test067@example.com,ignored
Test,068,test.068,test068@example.com,ignored
Test,069,test.069,test069@example.com,ignored
Test,070,test.070,test070@example.com,ignored
Test,071,test.071,test071@example.com,ignored
Test,072,test.072,test072@example.com,ignored
Test,073,test.073,test073@example.com,ignored
Test,074,test.074,test074@example.com,ignored
Test,075,test.075,test075@example.com,ignored
Test,076,test.076,test076@example.com,ignored
Test,077,test.077,test077@example.com,ignored
Test,078,test.078,test078@example.com,ignored
Test,079,test.079,test079@example.com,ignored
Test,080,test.080,test080@example.com,ignored
Test,081,test.081,test081@example.com,ignored
Test,082,test.082,test082@example.com,ignored
Test,083,test.083,test083@example.com,ignored
Test,084,test.084,test084@example.com,ignored
Test,085,test.085,test085@example.com,ignored
Test,086,test.086,test086@example.com,ignored
Test,087,test.087,test087@example.com,ignored
Test,088,test.088,test088@example.com,ignored
Test,089,test.089,test089@example.com,ignored
Test,090,test.090,test090@example.com,ignored
Test,091,test.091,test091@example.com,ignored
Test,092,test.092,test092@example.com,ignored
Test,093,test.093,test093@example.com,ignored
Test,094,test.094,test094@example.com,ignored
Test,095,test.095,test095@example.com,ignored
Test,096,test.096,test096@example.com,ignored
Test,097,test.097,test097@example.com,ignored
Test,098,test.098,test098@example.com,ignored
Test,099,test.099,test099@example.com,ignored
Test,100,test.100,test100@example.com,ignored
Test,101,test.101,test101@example.com,ignored
Test,102,test.102,test102@example.com,ignored
Test,103,test.103,test103@example.com,ignored
Test,104,test.104,test104@example.com,ignored
Test,105,test.105,test105@example.com,ignored
Test,106,test.106,test106@example.com,ignored
Test,107,test.107,test107@example.com,ignored
Test,108,test.108,test108@example.com,ignored
Test,109,test.109,test109@example.com,ignored
Test,110,test.110,test110@example.com,ignored
Test,111,test.111,test111@example.com,ignored
Test,112,test.112,test112@example.com,ignored
Test,113,test.113,test113@example.com,ignored
Test,114,test.114,test114@example.com,ignored
Test,115,test.115,test115@example.com,ignored
Test,116,test.116,test116@example.com,ignored
Test,117,test.117,test117@example.com,ignored
Test,118,test.118,test118@example.com,ignored
Test,119,test.119,test119@example.com,ignored
Test,120,test.120,test120@example.com,ignored
Test,121,test.121,test121@example.com,ignored
Test,122,test.122,test122@example.com,ignored
Test,123,test.123,test123@example.com,ignored
Test,124,test.124,test124@example.com,ignored
Test,125,test.125,test125@example.com,ignored
Test,126,test.126,test126@example.com,ignored
Test,127,test.127,test127@example.com,ignored
Test,128,test.128,test128@example.com,ignored
Test,129,test.129,test129@example.com,ignored
Test,130,test.130,test130@example.com,ignored
Test,131,test.131,test131@example.com,ignored
Test,132,test.132,test132@example.com,ignored
Test,133,test.133,test133@example.com,ignored
Test,134,test.134,test134@example.com,ignored
Test,135,test.135,test135@example.com,ignored
Test,136,test.136,test136@example.com,ignored
Test,137,test.137,test137@example.com,ignored
Test,138,test.138,test138@example.com,ignored
Test,139,test.139,test139@example.com,ignored
Test,140,test.140,test140@example.com,ignored
Test,141,test.141,test141@example.com,ignored
Test,142,test.142,test142@example.com,ignored
Test,143,test.143,test143@example.com,ignored
Test,144,test.144,test144@example.com,ignored
Test,145,test.145,test145@example.com,ignored
Test,146,test.146,test146@example.com,ignored
Test,147,test.147,test147@example.com,ignored
Test,148,test.148,test148@example.com,ignored
Test,149,test.149,test149@example.com,ignored
Test,150,test.150,test150@example.com,ignored
Test,151,test.151,test151@example.com,ignored
Test,152,test.152,test152@example.com,ignored
Test,153,test.153,test153@example.com,ignored
Test,154,test.154,test154@example.com,ignored
Test,155,test.155,test155@example.com,ignored
Test,156,test.156,test156@example.com,ignored
Test,157,test.157,test157@example.com,ignored
Test,158,test.158,test158@example.com,ignored
Test,159,test.159,test159@example.com,ignored
Test,160,test.160,test160@example.com,ignored
Test,161,test.161,test161@example.com,ignored
Test,162,test.162,test162@example.com,ignored
Test,163,test.163,test163@example.com,ignored
Test,164,test.164,test164@example.com,ignored
Test,165,test.165,test165@example.com,ignored
Test,166,test.166,test166@example.com,ignored
Test,167,test.167,test167@example.com,ignored
Test,168,test.168,test168@example.com,ignored
Test,169,test.169,test169@example.com,ignored
Test,170,test.170,test170@example.com,ignored
Test,171,test.171,test171@example.com,ignored
Test,172,test.172,test172@example.com,ignored
Test,173,test.173,test173@example.com,ignored
Test,174,test.174,test174@example.com,ignored
Test,175,test.175,test175@example.com,ignored
Test,176,test.176,test176@example.com,ignored
Test,177,test.177,test177@example.com,ignored
Test,178,test.178,test178@example.com,ignored
Test,179,test.179,test179@example.com,ignored
Test,180,test.180,test180@example.com,ignored
Test,181,test.181,test181@example.com,ignored
Test,182,test.182,test182@example.com,ignored
Test,183,test.183,test183@example.com,ignored
Test,184,test.184,test184@example.com,ignored
Test,185,test.185,test185@example.com,ignored
Test,186,test.186,test186@example.com,ignored
Test,187,test.187,test187@example.com,ignored
Test,188,test.188,test188@example.com,ignored
Test,189,test.189,test189@example.com,ignored
Test,190,test.190,test190@example.com,ignored
Test,191,test.191,test191@example.com,ignored
Test,192,test.192,test192@example.com,ignored
Test,193,test.193,test193@example.com,ignored
Test,194,test.194,test194@example.com,ignored
Test,195,test.195,test195@example.com,ignored
Test,196,test.196,test196@example.com,ignored
Test,197,test.197,test197@example.com,ignored
Test,198,test.198,test198@example.com,ignored
Test,199,test.199,test199@example.com,ignored
Test,200,test.200,test200@example.com,ignored
Test,201,test.201,test201@example.com,ignored
Test,202,test.202,test202@example.com,ignored
Test,203,test.203,test203@example.com,ignored
Test,204,test.204,test204@example.com,ignored
Test,205,test.205,test205@example.com,ignored
Test,206,test.206,test206@example.com,ignored
Test,207,test.207,test207@example.com,ignored
Test,208,test.208,test208@example.com,ignored
Test,209,test.209,test209@example.com,ignored
Test,210,test.210,test210@example.com,ignored
Test,211,test.211,test211@example.com,ignored
Test,212,test.212,test212@example.com,ignored
Test,213,test.213,test213@example.com,ignored
Test,214,test.214,test214@example.com,ignored
Test,215,test.215,test215@example.com,ignored
Test,216,test.216,test216@example.com,ignored
Test,217,test.217,test217@example.com,ignored
Test,218,test.218,test218@example.com,ignored
Test,219,test.219,test219@example.com,ignored
Test,220,test.220,test220@example.com,ignored
Test,221,test.221,test221@example.com,ignored
Test,222,test.222,test222@example.com,ignored
Test,223,test.223,test223@example.com,ignored
Test,224,test.224,test224@example.com,ignored
Test,225,test.225,test225@example.com,ignored
Test,226,test.226,test226@example.com,ignored
Test,227,test.227,test227@example.com,ignored
Test,228,test.228,test228@example.com,ignored
Test,229,test.229,test229@example.com,ignored
Test,230,test.230,test230@example.com,ignored
Test,231,test.231,test231@example.com,ignored
Test,232,test.232,test232@example.com,ignored
Test,233,test.233,test233@example.com,ignored
Test,234,test.234,test234@example.com,ignored
Test,235,test.235,test235@example.com,ignored
Test,236,test.236,test236@example.com,ignored
Test,237,test.237,test237@example.com,ignored
Test,238,test.238,test238@example.com,ignored
Test,239,test.239,test239@example.com,ignored
Test,240,test.240,test240@example.com,ignored
Test,241,test.241,test241@example.com,ignored
Test,242,test.242,test242@example.com,ignored
Test,243,test.243,test243@example.com,ignored
Test,244,test.244,test244@example.com,ignored
Test,245,test.245,test245@example.com,ignored
Test,246,test.246,test246@example.com,ignored
Test,247,test.247,test247@example.com,ignored
Test,248,test.248,test248@example.com,ignored
Test,249,test.249,test249@example.com,ignored
Test,250,test.250,test250@example.com,ignored
Test,251,test.251,test251@example.com,ignored
Test,252,test.252,test252@example.com,ignored
Test,253,test.253,test253@example.com,ignored
Test,254,test.254,test254@example.com,ignored
Test,255,test.255,test255@example.com,ignored
Test,256,test.256,test256@example.com,ignored
Test,257,test.257,test257@example.com,ignored
Test,258,test.258,test258@example.com,ignored
Test,259,test.259,test259@example.com,ignored
Test,260,test.260,test260@example.com,ignored
Test,261,test.261,test261@example.com,ignored
Test,262,test.262,test262@example.com,ignored
Test,263,test.263,test263@example.com,ignored
Test,264,test.264,test264@example.com,ignored
Test,265,test.265,test265@example.com,ignored
Test,266,test.266,test266@example.com,ignored
Test,267,test.267,test267@example.com,ignored
Test,268,test.268,test268@example.com,ignored
Test,269,test.269,test269@example.com,ignored
Test,270,test.270,test270@example.com,ignored
Test,271,test.271,test271@example.com,ignored
Test,272,test.272,test272@example.com,ignored
Test,273,test.273,test273@example.com,ignored
Test,274,test.274,test274@example.com,ignored
Test,275,test.275,test275@example.com,ignored
Test,276,test.276,test276@example.com,ignored
Test,277,test.277,test277@example.com,ignored
Test,278,test.278,test278@example.com,ignored
Test,279,test.279,test279@example.com,ignored
Test,280,test.280,test280@example.com,ignored
Test,281,test.281,test281@example.com,ignored
Test,282,test.282,test282@example.com,ignored
Test,283,test.283,test283@example.com,ignored
Test,284,test.284,test284@example.com,ignored
Test,285,test.285,test285@example.com,ignored
Test,286,test.286,test286@example.com,ignored
Test,287,test.287,test287@example.com,ignored
Test,288,test.288,test288@example.com,ignored
Test,289,test.289,test289@example.com,ignored
Test,290,test.290,test290@example.com,ignored
Test,291,test.291,test291@example.com,ignored
Test,292,test.292,test292@example.com,ignored
Test,293,test.293,test293@example.com,ignored
Test,294,test.294,test294@example.com,ignored
Test,295,test.295,test295@example.com,ignored
Test,296,test.296,test296@example.com,ignored
Test,297,test.297,test297@example.com,ignored
Test,298,test.298,test298@example.com,ignored
Test,299,test.299,test299@example.com,ignored
Test,300,test.300,test300@example.com,ignored
Test,301,test.301,test301@example.com,ignored
Test,302,test.302,test302@example.com,ignored
Test,303,test.303,test303@example.com,ignored
Test,304,test.304,test304@example.com,ignored
Test,305,test.305,test305@example.com,ignored
Test,306,test.306,test306@example.com,ignored
Test,307,test.307,test307@example.com,ignored
Test,308,test.308,test308@example.com,ignored
Test,309,test.309,test309@example.com,ignored
Test,310,test.310,test310@example.com,ignored
Test,311,test.311,test311@example.com,ignored
Test,312,test.312,test312@example.com,ignored
Test,313,test.313,test313@example.com,ignored
Test,314,test.314,test314@example.com,ignored
Test,315,test.315,test315@example.com,ignored
Test,316,test.316,test316@example.com,ignored
Test,317,test.317,test317@example.com,ignored
Test,318,test.318,test318@example.com,ignored
Test,319,test.319,test319@example.com,ignored
Test,320,test.320,test320@example.com,ignored
Test,321,test.321,test321@example.com,ignored
Test,322,test.322,test322@example.com,ignored
Test,323,test.323,test323@example.com,ignored
Test,324,test.324,test324@example.com,ignored
Test,325,test.325,test325@example.com,ignored
Test,326,test.326,test326@example.com,ignored
Test,327,test.327,test327@example.com,ignored
Test,328,test.328,test328@example.com,ignored
Test,329,test.329,test329@example.com,ignored
Test,330,test.330,test330@example.com,ignored
Test,331,test.331,test331@example.com,ignored
Test,332,test.332,test332@example.com,ignored
Test,333,test.333,test333@example.com,ignored
Test,334,test.334,test334@example.com,ignored
Test,335,test.335,test335@example.com,ignored
Test,336,test.336,test336@example.com,ignored
Test,337,test.337,test337@example.com,ignored
Test,338,test.338,test338@example.com,ignored
Test,339,test.339,test339@example.com,ignored
Test,340,test.340,test340@example.com,ignored
Test,341,test.341,test341@example.com,ignored
Test,342,test.342,test342@example.com,ignored
Test,343,test.343,test343@example.com,ignored
Test,344,test.344,test344@example.com,ignored
Test,345,test.345,test345@example.com,ignored
Test,346,test.346,test346@example.com,ignored
Test,347,test.347,test347@example.com,ignored
Test,348,test.348,test348@example.com,ignored
Test,349,test.349,test349@example.com,ignored
Test,350,test.350,test350@example.com,ignored
Test,351,test.351,test351@example.com,ignored
Test,352,test.352,test352@example.com,ignored
Test,353,test.353,test353@example.com,ignored
Test,354,test.354,test354@example.com,ignored
Test,355,test.355,test355@example.com,ignored
Test,356,test.356,test356@example.com,ignored
Test,357,test.357,test357@example.com,ignored
Test,358,test.358,test358@example.com,ignored
Test,359,test.359,test359@example.com,ignored
Test,360,test.360,test360@example.com,ignored
Test,361,test.361,test361@example.com,ignored
Test,362,test.362,test362@example.com,ignored
Test,363,test.363,test363@example.com,ignored
Test,364,test.364,test364@example.com,ignored
Test,365,test.365,test365@example.com,ignored
Test,366,test.366,test366@example.com,ignored
Test,367,test.367,test367@example.com,ignored
Test,368,test.368,test368@example.com,ignored
Test,369,test.369,test369@example.com,ignored
Test,370,test.370,test370@example.com,ignored
Test,371,test.371,test371@example.com,ignored
Test,372,test.372,test372@example.com,ignored
Test,373,test.373,test373@example.com,ignored
Test,374,test.374,test374@example.com,ignored
Test,375,test.375,test375@example.com,ignored
Test,376,test.376,test376@example.com,ignored
Test,377,test.377,test377@example.com,ignored
Test,378,test.378,test378@example.com,ignored
Test,379,test.379,test379@example.com,ignored
Test,380,test.380,test380@example.com,ignored
Test,381,test.381,test381@example.com,ignored
Test,382,test.382,test382@example.com,ignored
Test,383,test.383,test383@example.com,ignored
Test,384,test.384,test384@example.com,ignored
Test,385,test.385,test385@example.com,ignored
Test,386,test.386,test386@example.com,ignored
Test,387,test.387,test387@example.com,ignored
Test,388,test.388,test388@example.com,ignored
Test,389,test.389,test389@example.com,ignored
Test,390,test.390,test390@example.com,ignored
Test,391,test.391,test391@example.com,ignored
Test,392,test.392,test392@example.com,ignored
Test,393,test.393,test393@example.com,ignored
Test,394,test.394,test394@example.com,ignored
Test,395,test.395,test395@example.com,ignored
Test,396,test.396,test396@example.com,ignored
Test,397,test.397,test397@example.com,ignored
Test,398,test.398,test398@example.com,ignored
Test,399,test.399,test399@example.com,ignored
Test,400,test.400,test400@example.com,ignored
Test,401,test.401,test401@example.com,ignored
Test,402,test.402,test402@example.com,ignored
Test,403,test.403,test403@example.com,ignored
Test,404,test.404,test404@example.com,ignored
Test,405,test.405,test405@example.com,ignored
Test,406,test.406,test406@example.com,ignored
Test,407,test.407,test407@example.com,ignored
Test,408,test.408,test408@example.com,ignored
Test,409,test.409,test409@example.com,ignored
Test,410,test.410,test410@example.com,ignored
Test,411,test.411,test411@example.com,ignored
Test,412,test.412,test412@example.com,ignored
Test,413,test.413,test413@example.com,ignored
Test,414,test.414,test414@example.com,ignored
Test,415,test.415,test415@example.com,ignored
Test,416,test.416,test416@example.com,ignored
Test,417,test.417,test417@example.com,ignored
Test,418,test.418,test418@example.com,ignored
Test,419,test.419,test419@example.com,ignored
Test,420,test.420,test420@example.com,ignored
Test,421,test.421,test421@example.com,ignored
Test,422,test.422,test422@example.com,ignored
Test,423,test.423,test423@example.com,ignored
Test,424,test.424,test424@example.com,ignored
Test,425,test.425,test425@example.com,ignored
Test,426,test.426,test426@example.com,ignored
Test,427,test.427,test427@example.com,ignored
Test,428,test.428,test428@example.com,ignored
Test,429,test.429,test429@example.com,ignored
Test,430,test.430,test430@example.com,ignored
Test,431,test.431,test431@example.com,ignored
Test,432,test.432,test432@example.com,ignored
Test,433,test.433,test433@example.com,ignored
Test,434,test.434,test434@example.com,ignored
Test,435,test.435,test435@example.com,ignored
Test,436,test.436,test436@example.com,ignored
Test,437,test.437,test437@example.com,ignored
Test,438,test.438,test438@example.com,ignored
Test,439,test.439,test439@example.com,ignored
Test,440,test.440,test440@example.com,ignored
Test,441,test.441,test441@example.com,ignored
Test,442,test.442,test442@example.com,ignored
Test,443,test.443,test443@example.com,ignored
Test,444,test.444,test444@example.com,ignored
Test,445,test.445,test445@example.com,ignored
Test,446,test.446,test446@example.com,ignored
Test,447,test.447,test447@example.com,ignored
Test,448,test.448,test448@example.com,ignored
Test,449,test.449,test449@example.com,ignored
Test,450,test.450,test450@example.com,ignored
Test,451,test.451,test451@example.com,ignored
Test,452,test.452,test452@example.com,ignored
Test,453,test.453,test453@example.com,ignored
Test,454,test.454,test454@example.com,ignored
Test,455,test.455,test455@example.com,ignored
Test,456,test.456,test456@example.com,ignored
Test,457,test.457,test457@example.com,ignored
Test,458,test.458,test458@example.com,ignored
Test,459,test.459,test459@example.com,ignored
Test,460,test.460,test460@example.com,ignored
Test,461,test.461,test461@example.com,ignored
Test,462,test.462,test462@example.com,ignored
Test,463,test.463,test463@example.com,ignored
Test,464,test.464,test464@example.com,ignored
Test,465,test.465,test465@example.com,ignored
Test,466,test.466,test466@example.com,ignored
Test,467,test.467,test467@example.com,ignored
Test,468,test.468,test468@example.com,ignored
Test,469,test.469,test469@example.com,ignored
Test,470,test.470,test470@example.com,ignored
Test,471,test.471,test471@example.com,ignored
Test,472,test.472,test472@example.com,ignored
Test,473,test.473,test473@example.com,ignored
Test,474,test.474,test474@example.com,ignored
Test,475,test.475,test475@example.com,ignored
Test,476,test.476,test476@example.com,ignored
Test,477,test.477,test477@example.com,ignored
Test,478,test.478,test478@example.com,ignored
Test,479,test.479,test479@example.com,ignored
Test,480,test.480,test480@example.com,ignored
Test,481,test.481,test481@example.com,ignored
Test,482,test.482,test482@example.com,ignored
Test,483,test.483,test483@example.com,ignored
Test,484,test.484,test484@example.com,ignored
Test,485,test.485,test485@example.com,ignored
Test,486,test.486,test486@example.com,ignored
Test,487,test.487,test487@example.com,ignored
Test,488,test.488,test488@example.com,ignored
Test,489,test.489,test489@example.com,ignored
Test,490,test.490,test490@example.com,ignored
Test,491,test.491,test491@example.com,ignored
Test,492,test.492,test492@example.com,ignored
Test,493,test.493,test493@example.com,ignored
Test,494,test.494,test494@example.com,ignored
Test,495,test.495,test495@example.com,ignored
Test,496,test.496,test496@example.com,ignored
Test,497,test.497,test497@example.com,ignored
Test,498,test.498,test498@example.com,ignored
Test,499,test.499,test499@example.com,ignored
Test,500,test.500,test500@example.com,ignored
needs a last line thats not use,,,,
